x,y,z,label
180.0,33.32999999999993,360.0,1
173.33000000000175,33.32999999999993,360.0,1
66.66000000000349,20.0,153.3399999999965,1
66.66000000000349,20.0,153.3399999999965,1
66.66000000000349,13.340000000000146,153.3399999999965,1
66.66000000000349,20.0,153.3399999999965,1
66.66000000000349,20.0,153.3399999999965,1
80.0,20.0,153.3399999999965,1
66.66000000000349,20.0,153.3399999999965,1
66.66000000000349,13.340000000000146,153.3399999999965,1
66.66000000000349,20.0,153.3399999999965,1
66.66000000000349,20.0,153.3399999999965,1
60.0,13.340000000000146,153.3399999999965,1
66.66000000000349,20.0,153.3399999999965,1
66.66000000000349,20.0,153.3399999999965,1
60.0,13.340000000000146,153.3399999999965,1
80.0,20.0,153.3399999999965,1
66.66000000000349,13.340000000000146,153.3399999999965,1
80.0,20.0,153.3399999999965,1
80.0,20.0,153.3399999999965,1
66.66000000000349,20.0,153.3399999999965,1
66.66000000000349,13.340000000000146,153.3399999999965,1
66.66000000000349,20.0,153.3399999999965,1
66.66000000000349,20.0,153.3399999999965,1
66.66000000000349,20.0,153.3399999999965,1
66.66000000000349,20.0,153.3399999999965,1
66.66000000000349,13.340000000000146,153.3399999999965,1
66.66000000000349,20.0,153.3399999999965,1
66.66000000000349,20.0,153.3399999999965,1
80.0,13.340000000000146,153.3399999999965,1
60.0,13.329999999999927,153.33000000000175,1
73.33000000000175,13.329999999999927,153.33000000000175,1
80.0,6.659999999999855,153.33000000000175,1
73.33000000000175,13.329999999999927,153.33000000000175,1
60.0,13.329999999999927,153.33000000000175,1
60.0,0.0,153.33000000000175,1
73.33000000000175,6.659999999999855,153.33000000000175,1
73.33000000000175,13.329999999999927,153.33000000000175,1
73.33000000000175,6.659999999999855,153.33000000000175,1
53.33999999999651,6.659999999999855,153.33000000000175,1
73.33000000000175,13.329999999999927,153.33000000000175,1
60.0,13.329999999999927,153.33000000000175,1
66.66999999999825,6.659999999999855,153.33000000000175,1
60.0,13.329999999999927,153.33000000000175,1
73.33000000000175,13.329999999999927,153.33000000000175,1
73.33000000000175,13.329999999999927,153.33000000000175,1
60.0,13.329999999999927,153.33000000000175,1
60.0,13.329999999999927,153.33000000000175,1
73.33000000000175,13.329999999999927,153.33000000000175,1
60.0,13.329999999999927,153.33000000000175,1
66.66999999999825,13.329999999999927,153.33000000000175,1
60.0,6.659999999999855,153.33000000000175,1
80.0,6.659999999999855,153.33000000000175,1
73.33000000000175,6.659999999999855,153.33000000000175,1
66.66999999999825,13.329999999999927,153.33000000000175,1
60.0,13.329999999999927,153.33000000000175,1
60.0,13.329999999999927,153.33000000000175,1
73.33000000000175,6.670000000000073,153.33000000000175,1
60.0,0.0,153.33000000000175,1
60.0,13.329999999999927,153.33000000000175,1
73.33000000000175,6.659999999999855,153.33000000000175,1
66.66999999999825,6.659999999999855,153.33000000000175,1
73.33000000000175,13.329999999999927,153.33000000000175,1
73.33000000000175,13.329999999999927,153.33000000000175,1
60.0,13.329999999999927,153.33000000000175,1
73.33000000000175,6.659999999999855,153.33000000000175,1
73.33000000000175,13.329999999999927,153.33000000000175,1
73.33000000000175,6.659999999999855,153.33000000000175,1
66.66999999999825,13.329999999999927,153.33000000000175,1
73.33000000000175,13.329999999999927,153.33000000000175,1
73.33000000000175,20.0,153.33000000000175,1
73.33000000000175,6.659999999999855,153.33000000000175,1
73.33000000000175,6.659999999999855,153.33000000000175,1
73.33000000000175,13.329999999999927,153.33000000000175,1
80.0,13.329999999999927,153.33000000000175,1
73.33000000000175,13.329999999999927,153.33000000000175,1
73.33000000000175,13.329999999999927,153.33000000000175,1
73.33000000000175,13.329999999999927,153.33000000000175,1
60.0,13.329999999999927,153.33000000000175,1
73.33000000000175,13.329999999999927,153.33000000000175,1
73.33000000000175,13.329999999999927,153.33000000000175,1
73.33000000000175,13.329999999999927,153.33000000000175,1
73.33000000000175,6.659999999999855,153.33000000000175,1
60.0,13.329999999999927,153.33000000000175,1
80.0,6.659999999999855,153.33000000000175,1
73.33000000000175,13.329999999999927,153.33000000000175,1
80.0,13.329999999999927,153.33000000000175,1
73.33000000000175,13.329999999999927,153.33000000000175,1
60.0,13.329999999999927,153.33000000000175,1
73.33000000000175,13.329999999999927,153.33000000000175,1
73.33000000000175,13.329999999999927,153.33000000000175,1
73.33000000000175,13.329999999999927,153.33000000000175,1
73.33000000000175,13.329999999999927,153.33000000000175,1
73.33000000000175,13.329999999999927,153.33000000000175,1
73.33000000000175,6.659999999999855,153.33000000000175,1
66.66999999999825,13.329999999999927,153.33000000000175,1
60.0,13.329999999999927,153.33000000000175,1
60.0,13.329999999999927,153.33000000000175,1
73.33000000000175,6.659999999999855,153.33000000000175,1
60.0,13.329999999999927,153.33000000000175,1
60.0,6.659999999999855,153.33000000000175,1
73.33000000000175,13.329999999999927,153.33000000000175,1
73.33000000000175,13.329999999999927,153.33000000000175,1
73.33000000000175,13.329999999999927,153.33000000000175,1
73.33000000000175,6.659999999999855,153.33000000000175,1
60.0,13.329999999999927,153.33000000000175,1
73.33000000000175,6.659999999999855,153.33000000000175,1
80.0,13.329999999999927,153.33000000000175,1
73.33000000000175,13.329999999999927,153.33000000000175,1
60.0,13.329999999999927,153.33000000000175,1
66.66999999999825,26.670000000000076,153.33000000000175,1
80.0,13.329999999999927,153.33000000000175,1
60.0,13.329999999999927,153.33000000000175,1
60.0,13.329999999999927,153.33000000000175,1
60.0,13.329999999999927,153.33000000000175,1
73.33000000000175,13.329999999999927,153.33000000000175,1
60.0,26.670000000000076,153.33000000000175,1
60.0,26.670000000000076,153.33000000000175,1
73.33000000000175,13.329999999999927,153.33000000000175,1
60.0,13.329999999999927,153.33000000000175,1
60.0,13.329999999999927,153.33000000000175,1
60.0,13.329999999999927,153.33000000000175,1
73.33000000000175,13.329999999999927,153.33000000000175,1
60.0,13.329999999999927,153.33000000000175,1
60.0,13.329999999999927,153.33000000000175,1
60.0,13.329999999999927,153.33000000000175,1
73.33000000000175,13.329999999999927,153.33000000000175,1
66.66999999999825,26.670000000000076,153.33000000000175,1
60.0,13.329999999999927,153.33000000000175,1
73.33000000000175,13.329999999999927,153.33000000000175,1
73.33000000000175,13.329999999999927,153.33000000000175,1
60.0,20.0,153.33000000000175,1
60.0,13.329999999999927,153.33000000000175,1
60.0,33.340000000000146,153.33000000000175,1
60.0,13.329999999999927,153.33000000000175,1
73.33000000000175,13.329999999999927,153.33000000000175,1
60.0,13.329999999999927,153.33000000000175,1
60.0,13.329999999999927,153.33000000000175,1
80.0,13.329999999999927,153.33000000000175,1
60.0,13.329999999999927,153.33000000000175,1
60.0,13.329999999999927,153.33000000000175,1
73.33000000000175,33.340000000000146,153.33000000000175,1
80.0,13.329999999999927,153.33000000000175,1
73.33000000000175,13.329999999999927,153.33000000000175,1
60.0,13.329999999999927,153.33000000000175,1
66.66999999999825,13.329999999999927,153.33000000000175,1
66.66999999999825,13.329999999999927,153.33000000000175,1
66.66999999999825,13.329999999999927,153.33000000000175,1
66.66999999999825,13.329999999999927,153.33000000000175,1
73.33000000000175,13.329999999999927,153.33000000000175,1
73.33999999999651,20.0,153.33000000000175,0
73.33999999999651,6.659999999999855,153.33000000000175,0
66.66999999999825,6.659999999999855,153.33000000000175,0
73.33999999999651,6.659999999999855,153.33000000000175,0
73.33000000000175,6.659999999999855,153.33000000000175,0
66.66999999999825,20.0,153.33000000000175,0
73.33999999999651,26.670000000000076,153.33000000000175,0
66.66999999999825,6.659999999999855,153.33000000000175,0
53.33000000000175,6.670000000000073,186.6600000000035,0
80.0,13.340000000000146,153.33000000000175,0
60.0,13.340000000000146,153.33000000000175,0
60.0,20.0,146.66999999999825,1
60.0,20.0,146.66999999999825,1
60.0,13.340000000000146,146.66999999999825,1
66.66000000000349,13.340000000000146,146.66999999999825,1
66.66000000000349,26.65999999999985,146.66999999999825,1
60.0,26.65999999999985,146.66999999999825,1
60.0,20.0,146.66999999999825,1
60.0,6.670000000000073,146.66999999999825,1
66.66999999999825,20.0,146.66999999999825,1
60.0,6.670000000000073,146.66999999999825,1
66.66999999999825,20.0,146.66999999999825,1
60.0,13.329999999999927,146.66999999999825,1
60.0,20.0,146.66999999999825,1
66.66999999999825,6.670000000000073,146.66999999999825,1
60.0,6.670000000000073,146.66999999999825,1
66.66999999999825,6.670000000000073,146.66999999999825,1
60.0,26.65999999999985,146.66999999999825,1
66.66999999999825,6.670000000000073,146.66999999999825,1
66.66999999999825,20.0,146.66999999999825,1
73.33999999999651,20.0,146.66999999999825,1
60.0,20.0,146.66999999999825,1
66.66999999999825,20.0,146.66999999999825,1
66.66999999999825,6.670000000000073,146.66999999999825,1
60.0,20.0,146.66999999999825,1
66.66999999999825,6.670000000000073,146.66999999999825,1
73.33999999999651,6.670000000000073,146.66999999999825,1
60.0,6.670000000000073,146.66999999999825,1
60.0,6.670000000000073,146.66999999999825,1
60.0,6.670000000000073,146.66999999999825,1
60.0,6.670000000000073,146.66999999999825,1
73.33999999999651,20.0,146.66999999999825,1
60.0,13.329999999999927,146.66999999999825,1
66.66999999999825,6.670000000000073,146.66999999999825,1
73.33999999999651,6.670000000000073,146.66999999999825,1
60.0,6.670000000000073,146.66999999999825,1
66.66999999999825,6.670000000000073,146.66999999999825,1
73.33999999999651,6.670000000000073,146.66999999999825,1
66.66999999999825,6.670000000000073,146.66999999999825,1
66.66999999999825,13.329999999999927,146.66999999999825,1
66.66999999999825,20.0,146.66999999999825,1
60.0,6.670000000000073,146.66999999999825,1
66.66999999999825,20.0,146.66999999999825,1
66.66999999999825,20.0,146.66999999999825,1
66.66999999999825,20.0,146.66999999999825,1
66.66999999999825,6.670000000000073,146.66999999999825,1
73.33999999999651,6.670000000000073,146.66999999999825,1
60.0,20.0,146.66999999999825,1
66.66999999999825,6.670000000000073,146.66999999999825,1
66.66999999999825,6.670000000000073,146.66999999999825,1
66.66999999999825,6.670000000000073,146.66999999999825,1
60.0,6.670000000000073,146.66999999999825,1
66.66999999999825,6.670000000000073,146.66999999999825,1
60.0,6.670000000000073,146.66999999999825,1
66.66999999999825,20.0,146.66999999999825,1
66.66999999999825,20.0,146.66999999999825,1
60.0,6.670000000000073,146.66999999999825,1
60.0,20.0,146.66999999999825,1
60.0,6.670000000000073,146.66999999999825,1
66.66999999999825,20.0,146.66999999999825,1
66.66999999999825,6.670000000000073,146.66999999999825,1
60.0,6.670000000000073,146.66999999999825,1
73.33999999999651,20.0,146.66999999999825,1
66.66999999999825,13.329999999999927,146.66999999999825,1
60.0,6.670000000000073,146.66999999999825,1
60.0,6.670000000000073,146.66999999999825,1
60.0,13.329999999999927,146.66999999999825,1
60.0,6.670000000000073,146.66999999999825,1
66.66999999999825,6.670000000000073,146.66999999999825,1
60.0,6.670000000000073,146.66999999999825,1
66.66999999999825,13.329999999999927,146.66999999999825,1
73.33999999999651,20.0,146.66999999999825,1
66.66999999999825,20.0,146.66999999999825,1
66.66999999999825,6.670000000000073,146.66999999999825,1
66.66999999999825,6.670000000000073,146.66999999999825,1
60.0,6.670000000000073,146.66999999999825,1
60.0,6.670000000000073,146.66999999999825,1
66.66999999999825,20.0,146.66999999999825,1
60.0,20.0,146.66999999999825,1
66.66999999999825,6.670000000000073,146.66999999999825,1
60.0,20.0,146.66999999999825,1
66.66999999999825,6.670000000000073,146.66999999999825,1
66.66999999999825,6.670000000000073,146.66999999999825,1
66.66999999999825,6.670000000000073,146.66999999999825,1
60.0,6.670000000000073,146.66999999999825,1
66.66999999999825,6.670000000000073,146.66999999999825,1
60.0,6.670000000000073,146.66999999999825,1
66.66999999999825,6.670000000000073,146.66999999999825,1
73.33999999999651,20.0,146.66999999999825,1
66.66999999999825,6.670000000000073,146.66999999999825,1
60.0,20.0,146.66999999999825,1
60.0,6.670000000000073,146.66999999999825,1
66.66999999999825,6.670000000000073,146.66999999999825,1
60.0,6.670000000000073,146.66999999999825,1
73.33999999999651,20.0,146.66999999999825,1
60.0,6.670000000000073,146.66999999999825,1
66.66999999999825,20.0,146.66999999999825,1
60.0,6.670000000000073,146.66999999999825,1
66.66999999999825,20.0,146.66999999999825,1
60.0,6.670000000000073,146.66999999999825,1
60.0,6.670000000000073,146.66999999999825,1
66.66999999999825,6.670000000000073,146.66999999999825,1
60.0,6.670000000000073,146.66999999999825,1
60.0,6.670000000000073,146.66999999999825,1
66.66999999999825,6.670000000000073,146.66999999999825,1
66.66999999999825,6.670000000000073,146.66999999999825,1
66.66999999999825,6.670000000000073,146.66999999999825,1
60.0,6.670000000000073,146.66999999999825,1
60.0,13.329999999999927,146.66999999999825,1
60.0,26.65999999999985,146.66999999999825,1
66.66999999999825,6.670000000000073,146.66999999999825,1
60.0,6.670000000000073,146.66999999999825,1
60.0,6.670000000000073,146.66999999999825,1
60.0,20.0,146.66999999999825,1
66.66999999999825,20.0,146.66999999999825,1
66.66999999999825,20.0,146.66999999999825,1
60.0,20.0,146.66999999999825,1
66.66999999999825,6.670000000000073,146.66999999999825,1
66.66999999999825,20.0,146.66999999999825,1
60.0,26.65999999999985,146.66999999999825,1
60.0,13.329999999999927,146.66999999999825,1
60.0,20.0,146.66999999999825,1
60.0,6.670000000000073,146.66999999999825,1
60.0,6.670000000000073,146.66999999999825,1
60.0,6.670000000000073,146.66999999999825,1
66.66999999999825,6.670000000000073,146.66999999999825,1
73.33999999999651,6.670000000000073,146.66999999999825,1
60.0,20.0,146.66999999999825,1
66.66999999999825,20.0,146.66999999999825,1
60.0,6.670000000000073,146.66999999999825,1
60.0,6.670000000000073,146.66999999999825,1
60.0,6.670000000000073,146.66999999999825,1
66.66999999999825,13.329999999999927,146.66999999999825,1
66.66999999999825,20.0,146.66999999999825,1
66.66999999999825,6.670000000000073,146.66999999999825,1
60.0,6.670000000000073,146.66999999999825,1
66.66999999999825,6.670000000000073,146.66999999999825,1
66.66999999999825,6.670000000000073,146.66999999999825,1
66.66999999999825,20.0,146.66999999999825,1
73.33999999999651,6.670000000000073,146.66999999999825,1
73.33999999999651,6.670000000000073,146.66999999999825,1
73.33999999999651,6.670000000000073,146.66999999999825,1
66.66999999999825,6.670000000000073,146.66999999999825,1
66.66999999999825,20.0,146.66999999999825,1
60.0,6.670000000000073,146.66999999999825,1
66.66999999999825,20.0,146.66999999999825,1
66.66999999999825,6.670000000000073,146.66999999999825,1
60.0,20.0,146.66999999999825,1
73.33999999999651,6.670000000000073,146.66999999999825,1
66.66999999999825,20.0,146.66999999999825,1
66.66999999999825,6.670000000000073,146.66999999999825,1
60.0,6.670000000000073,146.66999999999825,1
60.0,6.670000000000073,146.66999999999825,1
60.0,6.670000000000073,146.66999999999825,1
66.66999999999825,6.670000000000073,146.66999999999825,1
66.66999999999825,6.670000000000073,146.66999999999825,1
66.66999999999825,6.670000000000073,146.66999999999825,1
66.66999999999825,6.670000000000073,146.66999999999825,1
60.0,6.670000000000073,146.66999999999825,1
66.66999999999825,20.0,146.66999999999825,1
66.66999999999825,6.670000000000073,146.66999999999825,1
60.0,6.670000000000073,146.66999999999825,1
66.66999999999825,20.0,146.66999999999825,1
73.33999999999651,13.329999999999927,146.66999999999825,1
60.0,6.670000000000073,146.66999999999825,1
66.66999999999825,13.329999999999927,146.66999999999825,1
60.0,6.670000000000073,146.66999999999825,1
66.66999999999825,20.0,146.66999999999825,1
73.33999999999651,20.0,146.66999999999825,1
73.33999999999651,6.670000000000073,146.66999999999825,1
60.0,6.670000000000073,146.66999999999825,1
66.66999999999825,6.670000000000073,146.66999999999825,1
66.66999999999825,6.670000000000073,146.66999999999825,1
73.33999999999651,6.670000000000073,146.66999999999825,1
60.0,6.670000000000073,146.66999999999825,1
60.0,6.670000000000073,146.66999999999825,1
60.0,6.670000000000073,146.66999999999825,1
60.0,6.670000000000073,146.66999999999825,1
66.66999999999825,6.670000000000073,146.66999999999825,1
60.0,6.670000000000073,146.66999999999825,1
66.66999999999825,6.670000000000073,146.66999999999825,1
60.0,6.670000000000073,146.66999999999825,1
66.66999999999825,6.670000000000073,146.66999999999825,1
60.0,6.670000000000073,146.66999999999825,1
73.33999999999651,6.670000000000073,146.66999999999825,1
66.66999999999825,13.329999999999927,146.66999999999825,1
60.0,6.670000000000073,146.66999999999825,1
66.66999999999825,6.670000000000073,146.66999999999825,1
60.0,6.670000000000073,146.66999999999825,1
60.0,26.65999999999985,146.66999999999825,1
66.66999999999825,6.670000000000073,146.66999999999825,1
60.0,6.670000000000073,146.66999999999825,1
66.66999999999825,6.670000000000073,146.66999999999825,1
66.66999999999825,6.670000000000073,146.66999999999825,1
60.0,20.0,146.66999999999825,1
66.66999999999825,6.670000000000073,146.66999999999825,1
66.66999999999825,6.670000000000073,146.66999999999825,1
66.66999999999825,20.0,146.66999999999825,1
73.33999999999651,20.0,146.66999999999825,1
66.66999999999825,6.670000000000073,146.66999999999825,1
60.0,6.670000000000073,146.66999999999825,1
66.66999999999825,6.670000000000073,146.66999999999825,1
66.66999999999825,6.670000000000073,146.66999999999825,1
60.0,6.670000000000073,146.66999999999825,1
66.66999999999825,6.670000000000073,146.66999999999825,1
73.33999999999651,6.670000000000073,146.66999999999825,1
60.0,6.670000000000073,146.66999999999825,1
73.33999999999651,6.670000000000073,146.66999999999825,1
60.0,6.670000000000073,146.66999999999825,1
60.0,6.670000000000073,146.66999999999825,1
66.66999999999825,6.670000000000073,146.66999999999825,1
60.0,6.670000000000073,146.66999999999825,1
60.0,6.670000000000073,146.66999999999825,1
73.33999999999651,6.670000000000073,146.66999999999825,1
73.33999999999651,6.670000000000073,146.66999999999825,1
60.0,6.670000000000073,146.66999999999825,1
60.0,20.0,146.66999999999825,1
60.0,6.670000000000073,146.66999999999825,1
60.0,13.329999999999927,146.66999999999825,1
60.0,20.0,146.66999999999825,1
60.0,6.670000000000073,146.66999999999825,1
60.0,20.0,146.66999999999825,1
60.0,20.0,146.66999999999825,1
66.66999999999825,6.670000000000073,146.66999999999825,1
53.33000000000175,20.0,146.66999999999825,1
53.33999999999651,6.659999999999855,186.6600000000035,1
53.33999999999651,6.659999999999855,186.6600000000035,1
53.33999999999651,6.659999999999855,186.6600000000035,1
53.33999999999651,6.659999999999855,186.6600000000035,1
53.33999999999651,0.0,186.6600000000035,1
53.33999999999651,6.659999999999855,186.6600000000035,1
53.33999999999651,6.659999999999855,186.6600000000035,1
60.0,6.659999999999855,186.6600000000035,1
60.0,6.659999999999855,186.6600000000035,1
60.0,20.0,186.6600000000035,1
66.66000000000349,6.659999999999855,186.6600000000035,1
53.33999999999651,13.329999999999927,186.6600000000035,1
60.0,6.659999999999855,186.6600000000035,1
53.33999999999651,6.659999999999855,186.6600000000035,1
60.0,6.659999999999855,186.6600000000035,1
53.33999999999651,20.0,186.6600000000035,1
60.0,13.329999999999927,186.6600000000035,1
60.0,6.659999999999855,186.6600000000035,1
60.0,13.329999999999927,186.6600000000035,1
53.33999999999651,6.659999999999855,186.6600000000035,1
60.0,6.659999999999855,186.6600000000035,1
60.0,13.329999999999927,186.6600000000035,1
60.0,13.329999999999927,186.6600000000035,1
60.0,13.329999999999927,186.6600000000035,1
53.33999999999651,6.659999999999855,186.6600000000035,1
53.33999999999651,20.0,186.6600000000035,1
60.0,6.659999999999855,186.6600000000035,1
53.33999999999651,6.659999999999855,186.6600000000035,1
53.33999999999651,6.659999999999855,186.6600000000035,1
60.0,13.329999999999927,186.6600000000035,1
53.33999999999651,6.659999999999855,186.6600000000035,1
53.33999999999651,6.659999999999855,186.6600000000035,1
60.0,6.659999999999855,186.6600000000035,1
53.33999999999651,6.659999999999855,186.6600000000035,1
60.0,6.659999999999855,186.6600000000035,1
60.0,6.659999999999855,186.6600000000035,1
60.0,6.659999999999855,186.6600000000035,1
60.0,13.329999999999927,186.6600000000035,1
53.33999999999651,6.659999999999855,186.6600000000035,1
53.33999999999651,13.329999999999927,186.6600000000035,1
60.0,6.659999999999855,186.6600000000035,1
53.33999999999651,6.659999999999855,186.6600000000035,1
60.0,13.329999999999927,186.6600000000035,1
60.0,6.659999999999855,186.6600000000035,1
53.33999999999651,6.659999999999855,186.6600000000035,1
53.33999999999651,6.659999999999855,186.6600000000035,1
60.0,6.659999999999855,186.6600000000035,1
53.33999999999651,6.659999999999855,186.6600000000035,1
53.33999999999651,20.0,186.6600000000035,1
53.33999999999651,6.659999999999855,186.6600000000035,1
53.33999999999651,6.659999999999855,186.6600000000035,1
60.0,6.659999999999855,186.6600000000035,1
53.33999999999651,6.659999999999855,186.6600000000035,1
53.33999999999651,6.659999999999855,186.6600000000035,1
53.33999999999651,20.0,186.6600000000035,1
53.33999999999651,20.0,186.6600000000035,1
60.0,6.659999999999855,186.6600000000035,1
60.0,6.659999999999855,186.6600000000035,1
60.0,6.659999999999855,186.6600000000035,1
53.33999999999651,6.659999999999855,186.6600000000035,1
53.33999999999651,6.659999999999855,186.6600000000035,1
53.33999999999651,6.659999999999855,186.6600000000035,1
60.0,20.0,186.6600000000035,1
53.33999999999651,6.659999999999855,186.6600000000035,1
53.33999999999651,6.659999999999855,186.6600000000035,1
53.33999999999651,6.659999999999855,186.6600000000035,1
53.33999999999651,6.659999999999855,186.6600000000035,1
60.0,6.659999999999855,186.6600000000035,1
53.33999999999651,20.0,186.6600000000035,1
60.0,20.0,186.6600000000035,1
60.0,6.659999999999855,186.6600000000035,1
60.0,6.659999999999855,186.6600000000035,1
53.33999999999651,6.659999999999855,186.6600000000035,1
53.33999999999651,6.659999999999855,186.6600000000035,1
53.33999999999651,6.659999999999855,186.6600000000035,1
53.33999999999651,6.659999999999855,186.6600000000035,1
53.33999999999651,6.659999999999855,186.6600000000035,1
53.33999999999651,6.659999999999855,186.6600000000035,1
60.0,6.659999999999855,186.6600000000035,1
60.0,26.670000000000076,186.6600000000035,1
53.33999999999651,6.659999999999855,186.6600000000035,1
53.33999999999651,20.0,186.6600000000035,1
26.669999999998254,13.340000000000146,166.6600000000035,0
53.33999999999651,26.670000000000076,140.0,1
53.33999999999651,26.670000000000076,140.0,1
53.33999999999651,13.329999999999927,140.0,1
66.66999999999825,6.670000000000073,140.0,1
66.66999999999825,6.670000000000073,140.0,1
66.66999999999825,6.670000000000073,140.0,1
66.66999999999825,13.329999999999927,140.0,1
66.66999999999825,6.670000000000073,140.0,1
66.66999999999825,13.329999999999927,140.0,1
73.33000000000175,6.670000000000073,140.0,1
66.66999999999825,13.329999999999927,140.0,1
66.66999999999825,6.670000000000073,140.0,1
66.66999999999825,6.670000000000073,140.0,1
66.66999999999825,6.670000000000073,140.0,1
66.66999999999825,6.670000000000073,140.0,1
73.33000000000175,6.670000000000073,140.0,1
66.66999999999825,6.670000000000073,140.0,1
66.66999999999825,6.670000000000073,140.0,1
66.66999999999825,13.329999999999927,140.0,1
66.66999999999825,6.670000000000073,140.0,1
73.33000000000175,6.670000000000073,140.0,1
66.66999999999825,13.329999999999927,140.0,1
66.66999999999825,20.0,140.0,1
66.66999999999825,6.670000000000073,140.0,1
66.66999999999825,6.670000000000073,140.0,1
66.66999999999825,13.329999999999927,140.0,1
66.66999999999825,6.670000000000073,140.0,1
60.0,26.670000000000076,140.0,1
60.0,26.670000000000076,140.0,1
46.66000000000349,20.0,140.0,1
46.66000000000349,33.340000000000146,140.0,1
46.66000000000349,20.0,140.0,1
46.66000000000349,20.0,140.0,1
73.33999999999651,20.0,146.6600000000035,1
60.0,26.65999999999985,146.6600000000035,1
66.66999999999825,20.0,133.33000000000175,0
66.66999999999825,6.670000000000073,133.33000000000175,0
66.66999999999825,6.670000000000073,133.33000000000175,0
53.33999999999651,6.670000000000073,133.33000000000175,0
66.66999999999825,6.670000000000073,133.33000000000175,0
53.33999999999651,6.670000000000073,133.33000000000175,0
53.33999999999651,6.670000000000073,133.33000000000175,0
66.66999999999825,6.670000000000073,133.33000000000175,0
53.33999999999651,13.340000000000146,133.33000000000175,0
53.33999999999651,13.340000000000146,133.33000000000175,0
66.66999999999825,13.340000000000146,133.33000000000175,0
53.33999999999651,6.670000000000073,133.33000000000175,0
66.66999999999825,6.670000000000073,133.33000000000175,0
53.33999999999651,20.0,133.33000000000175,0
53.33999999999651,6.670000000000073,133.33000000000175,0
66.66999999999825,13.340000000000146,133.33000000000175,0
66.66999999999825,6.670000000000073,133.33000000000175,0
53.33999999999651,6.670000000000073,133.33000000000175,0
53.33999999999651,6.670000000000073,133.33000000000175,0
53.33999999999651,6.670000000000073,133.33000000000175,0
53.33999999999651,6.670000000000073,133.33000000000175,0
53.33999999999651,6.670000000000073,133.33000000000175,0
66.66999999999825,13.340000000000146,133.33000000000175,0
66.66999999999825,13.340000000000146,133.33000000000175,0
66.66999999999825,6.670000000000073,133.33000000000175,0
53.33999999999651,6.670000000000073,133.33000000000175,0
66.66999999999825,13.340000000000146,133.33000000000175,0
53.33999999999651,13.340000000000146,133.33000000000175,0
53.33999999999651,6.670000000000073,133.33000000000175,0
53.33999999999651,13.340000000000146,133.33000000000175,0
53.33999999999651,13.340000000000146,133.33000000000175,0
53.33999999999651,6.670000000000073,133.33000000000175,0
53.33999999999651,13.340000000000146,133.33000000000175,0
53.33999999999651,6.670000000000073,133.33000000000175,0
53.33999999999651,6.670000000000073,133.33000000000175,0
53.33999999999651,13.340000000000146,133.33000000000175,0
53.33999999999651,13.340000000000146,133.33000000000175,0
53.33999999999651,6.670000000000073,133.33000000000175,0
60.0,6.670000000000073,133.33000000000175,0
53.33999999999651,0.0,133.33000000000175,0
66.66999999999825,13.340000000000146,133.33000000000175,0
53.33000000000175,13.340000000000146,133.33000000000175,0
53.33999999999651,13.340000000000146,133.33000000000175,0
53.33999999999651,13.340000000000146,133.33000000000175,0
53.33999999999651,13.340000000000146,133.33000000000175,0
53.33999999999651,13.340000000000146,133.33000000000175,0
53.33999999999651,6.670000000000073,133.33000000000175,0
53.33999999999651,13.340000000000146,133.33000000000175,0
53.33999999999651,13.340000000000146,133.33000000000175,0
53.33999999999651,6.670000000000073,133.33000000000175,0
66.66999999999825,13.340000000000146,133.33000000000175,0
53.33999999999651,13.340000000000146,133.33000000000175,0
53.33999999999651,13.340000000000146,133.33000000000175,0
66.66999999999825,13.340000000000146,133.33000000000175,0
66.66999999999825,0.0,133.33000000000175,0
66.66999999999825,13.340000000000146,133.33000000000175,0
73.33000000000175,13.340000000000146,133.33000000000175,0
66.66999999999825,6.670000000000073,133.33000000000175,0
53.33999999999651,6.670000000000073,133.33000000000175,0
53.33999999999651,6.670000000000073,133.33000000000175,0
53.33999999999651,13.340000000000146,133.33000000000175,0
53.33999999999651,6.670000000000073,133.33000000000175,0
53.33999999999651,13.340000000000146,133.33000000000175,0
53.33999999999651,13.340000000000146,133.33000000000175,0
53.33999999999651,13.340000000000146,133.33000000000175,0
53.33999999999651,6.670000000000073,133.33000000000175,0
53.33999999999651,6.670000000000073,133.33000000000175,0
53.33999999999651,6.670000000000073,133.33000000000175,0
53.33999999999651,13.340000000000146,133.33000000000175,0
53.33999999999651,13.340000000000146,133.33000000000175,0
66.66999999999825,6.670000000000073,133.33000000000175,0
53.33999999999651,6.670000000000073,133.33000000000175,0
53.33999999999651,13.340000000000146,133.33000000000175,0
53.33999999999651,6.670000000000073,133.33000000000175,0
53.33999999999651,6.670000000000073,133.33000000000175,0
53.33999999999651,13.340000000000146,133.33000000000175,0
40.0,13.340000000000146,133.33000000000175,0
66.66999999999825,13.340000000000146,133.33000000000175,0
40.0,6.670000000000073,133.33000000000175,0
66.66999999999825,13.340000000000146,133.33000000000175,0
66.66999999999825,13.340000000000146,133.33000000000175,0
53.33999999999651,6.670000000000073,133.33000000000175,0
53.33999999999651,13.340000000000146,133.33000000000175,0
53.33999999999651,13.340000000000146,133.33000000000175,0
53.33999999999651,6.670000000000073,133.33000000000175,0
53.33999999999651,13.340000000000146,133.33000000000175,0
66.66999999999825,6.670000000000073,133.33000000000175,0
66.66999999999825,6.670000000000073,133.33000000000175,0
53.33999999999651,6.670000000000073,133.33000000000175,0
53.33999999999651,13.340000000000146,133.33000000000175,0
66.66999999999825,6.670000000000073,133.33000000000175,0
66.66999999999825,6.670000000000073,133.33000000000175,0
53.33999999999651,6.670000000000073,133.33000000000175,0
53.33999999999651,6.670000000000073,133.33000000000175,0
53.33999999999651,26.670000000000076,133.33000000000175,0
53.33999999999651,6.670000000000073,133.33000000000175,0
53.33999999999651,6.670000000000073,133.33000000000175,0
53.33999999999651,13.340000000000146,133.33000000000175,0
60.0,26.670000000000076,133.33000000000175,0
53.33999999999651,13.340000000000146,133.33000000000175,0
53.33999999999651,6.670000000000073,133.33000000000175,0
53.33999999999651,20.0,133.33000000000175,0
66.66999999999825,6.670000000000073,133.33000000000175,0
66.66999999999825,20.0,133.33000000000175,0
53.33999999999651,20.0,133.33000000000175,0
53.33999999999651,26.670000000000076,133.33000000000175,0
53.33999999999651,20.0,133.33000000000175,0
53.33000000000175,13.340000000000146,133.33000000000175,0
66.66999999999825,26.670000000000076,133.33000000000175,0
66.66999999999825,6.670000000000073,133.33000000000175,0
66.66999999999825,20.0,133.33000000000175,0
53.33999999999651,20.0,133.33000000000175,0
53.33000000000175,26.670000000000076,133.33000000000175,0
66.66999999999825,6.670000000000073,133.33000000000175,0
40.0,20.0,133.33000000000175,0
73.33999999999651,6.670000000000073,133.33000000000175,0
53.33000000000175,6.670000000000073,133.33000000000175,0
66.66999999999825,20.0,133.33000000000175,0
60.0,26.670000000000076,133.33000000000175,0
53.33000000000175,20.0,133.33000000000175,0
53.33000000000175,13.340000000000146,133.33000000000175,0
60.0,20.0,133.33000000000175,0
53.33000000000175,20.0,133.33000000000175,0
53.33000000000175,20.0,133.33000000000175,0
60.0,20.0,133.33000000000175,0
53.33000000000175,26.670000000000076,133.33000000000175,0
53.33000000000175,13.340000000000146,133.33000000000175,0
53.33000000000175,6.670000000000073,133.33000000000175,0
60.0,6.670000000000073,133.33000000000175,0
60.0,6.670000000000073,133.33000000000175,0
53.33000000000175,6.670000000000073,133.33000000000175,0
53.33000000000175,6.670000000000073,133.33000000000175,0
53.33000000000175,6.670000000000073,133.33000000000175,0
60.0,6.670000000000073,133.33000000000175,0
60.0,6.670000000000073,133.33000000000175,0
60.0,6.670000000000073,133.33000000000175,0
60.0,6.670000000000073,133.33000000000175,0
60.0,6.670000000000073,133.33000000000175,0
60.0,6.670000000000073,133.33000000000175,0
60.0,6.670000000000073,133.33000000000175,0
53.33000000000175,6.670000000000073,133.33000000000175,0
53.33000000000175,6.670000000000073,133.33000000000175,0
60.0,6.670000000000073,133.33000000000175,0
60.0,6.670000000000073,133.33000000000175,0
53.33000000000175,6.670000000000073,133.33000000000175,0
60.0,20.0,133.33000000000175,0
60.0,6.670000000000073,133.33000000000175,0
53.33000000000175,20.0,133.33000000000175,0
60.0,0.0,133.33000000000175,0
60.0,6.670000000000073,133.33000000000175,0
53.33000000000175,20.0,133.33000000000175,0
53.33000000000175,6.670000000000073,133.33000000000175,0
60.0,6.670000000000073,133.33000000000175,0
53.33000000000175,20.0,133.33000000000175,0
53.33999999999651,20.0,133.33000000000175,0
60.0,20.0,133.33000000000175,0
53.33000000000175,20.0,133.33000000000175,0
60.0,13.329999999999927,133.33000000000175,0
60.0,0.0,133.33000000000175,0
53.33000000000175,20.0,133.33000000000175,0
60.0,13.329999999999927,133.33000000000175,0
53.33999999999651,20.0,133.33000000000175,0
53.33000000000175,20.0,133.33000000000175,0
60.0,13.329999999999927,133.33000000000175,0
53.33000000000175,20.0,133.33000000000175,0
53.33000000000175,20.0,133.33000000000175,0
60.0,20.0,133.33000000000175,0
53.33000000000175,20.0,133.33000000000175,0
53.33000000000175,20.0,133.33000000000175,0
53.33000000000175,20.0,133.33000000000175,0
53.33000000000175,6.670000000000073,133.33000000000175,0
53.33000000000175,20.0,133.33000000000175,0
60.0,20.0,133.33000000000175,0
53.33000000000175,13.329999999999927,133.33000000000175,0
53.33000000000175,13.329999999999927,133.33000000000175,0
53.33000000000175,6.670000000000073,133.33000000000175,0
60.0,20.0,133.33000000000175,0
53.33000000000175,20.0,133.33000000000175,0
53.33000000000175,6.670000000000073,133.33000000000175,0
53.33000000000175,13.329999999999927,133.33000000000175,0
53.33000000000175,13.329999999999927,133.33000000000175,0
53.33000000000175,13.329999999999927,133.33000000000175,0
53.33000000000175,20.0,133.33000000000175,0
53.33000000000175,0.0,133.33000000000175,0
66.66999999999825,13.329999999999927,133.33000000000175,0
53.33000000000175,13.329999999999927,133.33000000000175,0
66.66999999999825,0.0,133.33000000000175,0
53.33000000000175,20.0,133.33000000000175,0
53.33000000000175,20.0,133.33000000000175,0
53.33000000000175,20.0,133.33000000000175,0
66.66999999999825,13.329999999999927,133.33000000000175,0
53.33000000000175,13.329999999999927,133.33000000000175,0
53.33000000000175,6.670000000000073,133.33000000000175,0
53.33000000000175,0.0,133.33000000000175,0
53.33000000000175,6.670000000000073,133.33000000000175,0
53.33000000000175,13.329999999999927,133.33000000000175,0
53.33000000000175,13.329999999999927,133.33000000000175,0
53.33000000000175,13.329999999999927,133.33000000000175,0
53.33000000000175,20.0,133.33000000000175,0
53.33000000000175,20.0,133.33000000000175,0
53.33000000000175,13.329999999999927,133.33000000000175,0
53.33000000000175,13.329999999999927,133.33000000000175,0
66.66999999999825,13.329999999999927,133.33000000000175,0
53.33000000000175,20.0,133.33000000000175,0
66.66999999999825,13.329999999999927,133.33000000000175,0
66.66999999999825,13.329999999999927,133.33000000000175,0
53.33000000000175,20.0,133.33000000000175,0
53.33000000000175,20.0,133.33000000000175,0
53.33000000000175,20.0,133.33000000000175,0
53.33000000000175,6.670000000000073,133.33000000000175,0
60.0,20.0,133.33000000000175,0
53.33000000000175,20.0,133.33000000000175,0
53.33000000000175,13.329999999999927,133.33000000000175,0
53.33000000000175,20.0,133.33000000000175,0
53.33000000000175,13.329999999999927,133.33000000000175,0
53.33000000000175,6.670000000000073,133.33000000000175,0
53.33000000000175,6.670000000000073,133.33000000000175,0
53.33000000000175,20.0,133.33000000000175,0
40.0,13.329999999999927,133.33000000000175,0
66.66999999999825,20.0,133.33000000000175,0
53.33000000000175,13.329999999999927,133.33000000000175,0
53.33000000000175,20.0,133.33000000000175,0
73.33999999999651,0.0,133.33000000000175,0
40.0,13.329999999999927,133.33000000000175,0
53.33000000000175,20.0,133.33000000000175,0
66.66999999999825,13.329999999999927,133.33000000000175,0
66.66999999999825,20.0,133.33000000000175,0
53.33000000000175,13.329999999999927,133.33000000000175,0
53.33000000000175,13.329999999999927,133.33000000000175,0
53.33000000000175,13.329999999999927,133.33000000000175,0
53.33000000000175,20.0,133.33000000000175,0
53.33000000000175,13.329999999999927,133.33000000000175,0
66.66999999999825,13.329999999999927,133.33000000000175,0
53.33000000000175,13.329999999999927,133.33000000000175,0
53.33000000000175,13.329999999999927,133.33000000000175,0
66.66999999999825,13.329999999999927,133.33000000000175,0
53.33000000000175,13.329999999999927,133.33000000000175,0
53.33000000000175,13.329999999999927,133.33000000000175,0
53.33000000000175,13.329999999999927,133.33000000000175,0
53.33000000000175,13.329999999999927,133.33000000000175,0
53.33000000000175,13.329999999999927,133.33000000000175,0
66.66999999999825,20.0,133.33000000000175,0
66.66999999999825,20.0,133.33000000000175,0
66.66999999999825,13.329999999999927,133.33000000000175,0
66.66999999999825,13.329999999999927,133.33000000000175,0
40.0,13.329999999999927,133.33000000000175,0
66.66999999999825,13.329999999999927,133.33000000000175,0
66.66999999999825,13.329999999999927,133.33000000000175,0
53.33000000000175,13.329999999999927,133.33000000000175,0
66.66999999999825,13.329999999999927,133.33000000000175,0
53.33000000000175,13.329999999999927,133.33000000000175,0
53.33000000000175,13.329999999999927,133.33000000000175,0
53.33000000000175,13.329999999999927,133.33000000000175,0
53.33000000000175,20.0,133.33000000000175,0
53.33000000000175,13.329999999999927,133.33000000000175,0
66.66999999999825,13.329999999999927,133.33000000000175,0
53.33000000000175,13.329999999999927,133.33000000000175,0
40.0,13.329999999999927,133.33000000000175,0
53.33000000000175,20.0,133.33000000000175,0
53.33999999999651,13.329999999999927,133.33000000000175,0
53.33000000000175,13.329999999999927,133.33000000000175,0
53.33000000000175,13.329999999999927,133.33000000000175,0
66.66999999999825,13.329999999999927,133.33000000000175,0
53.33000000000175,13.329999999999927,133.33000000000175,0
66.66999999999825,13.329999999999927,133.33000000000175,0
53.33000000000175,13.329999999999927,133.33000000000175,0
66.66999999999825,13.329999999999927,133.33000000000175,0
66.66999999999825,13.329999999999927,133.33000000000175,0
53.33000000000175,13.329999999999927,133.33000000000175,0
66.66999999999825,13.329999999999927,133.33000000000175,0
53.33000000000175,13.329999999999927,133.33000000000175,0
66.66999999999825,13.329999999999927,133.33000000000175,0
66.66999999999825,13.329999999999927,133.33000000000175,0
53.33000000000175,13.329999999999927,133.33000000000175,0
66.66999999999825,13.329999999999927,133.33000000000175,0
53.33000000000175,13.329999999999927,133.33000000000175,0
53.33000000000175,20.0,133.33000000000175,0
66.66999999999825,13.329999999999927,133.33000000000175,0
66.66999999999825,13.329999999999927,133.33000000000175,0
66.66999999999825,13.329999999999927,133.33000000000175,0
66.66999999999825,13.329999999999927,133.33000000000175,0
66.66999999999825,13.329999999999927,133.33000000000175,0
66.66999999999825,13.329999999999927,133.33000000000175,0
53.33000000000175,13.329999999999927,133.33000000000175,0
40.0,13.329999999999927,133.33000000000175,0
53.33000000000175,20.0,133.33000000000175,0
53.33000000000175,13.329999999999927,133.33000000000175,0
66.66999999999825,13.329999999999927,133.33000000000175,0
53.33000000000175,13.329999999999927,133.33000000000175,0
53.33000000000175,13.329999999999927,133.33000000000175,0
66.66999999999825,13.329999999999927,133.33000000000175,0
53.33000000000175,20.0,133.33000000000175,0
66.66999999999825,13.329999999999927,133.33000000000175,0
53.33000000000175,13.329999999999927,133.33000000000175,0
53.33000000000175,13.329999999999927,133.33000000000175,0
66.66999999999825,13.329999999999927,133.33000000000175,0
53.33000000000175,13.329999999999927,133.33000000000175,0
53.33000000000175,13.329999999999927,133.33000000000175,0
66.66999999999825,13.329999999999927,133.33000000000175,0
53.33000000000175,13.329999999999927,133.33000000000175,0
53.33000000000175,13.329999999999927,133.33000000000175,0
66.66999999999825,13.329999999999927,133.33000000000175,0
73.33999999999651,13.329999999999927,133.33000000000175,0
53.33000000000175,13.329999999999927,133.33000000000175,0
66.66999999999825,13.329999999999927,133.33000000000175,0
66.66999999999825,13.329999999999927,133.33000000000175,0
66.66999999999825,13.329999999999927,133.33000000000175,0
53.33000000000175,13.329999999999927,133.33000000000175,0
53.33000000000175,13.329999999999927,133.33000000000175,0
53.33000000000175,13.329999999999927,133.33000000000175,0
66.66999999999825,13.329999999999927,133.33000000000175,0
66.66999999999825,13.329999999999927,133.33000000000175,0
53.33000000000175,13.329999999999927,133.33000000000175,0
53.33000000000175,13.329999999999927,133.33000000000175,0
53.33000000000175,13.329999999999927,133.33000000000175,0
66.66999999999825,13.329999999999927,133.33000000000175,0
53.33000000000175,13.329999999999927,133.33000000000175,0
60.0,13.329999999999927,133.33000000000175,0
53.33000000000175,13.329999999999927,133.33000000000175,0
53.33000000000175,13.329999999999927,133.33000000000175,0
66.66999999999825,13.329999999999927,133.33000000000175,0
53.33000000000175,20.0,133.33000000000175,0
66.66999999999825,13.329999999999927,133.33000000000175,0
53.33000000000175,13.329999999999927,133.33000000000175,0
53.33000000000175,20.0,133.33000000000175,0
66.66999999999825,13.329999999999927,133.33000000000175,0
53.33000000000175,20.0,133.33000000000175,0
66.66999999999825,13.329999999999927,133.33000000000175,0
53.33000000000175,13.329999999999927,133.33000000000175,0
73.33999999999651,20.0,133.33000000000175,0
53.33000000000175,13.329999999999927,133.33000000000175,0
53.33000000000175,13.329999999999927,133.33000000000175,0
53.33000000000175,13.329999999999927,133.33000000000175,0
66.66999999999825,13.329999999999927,133.33000000000175,0
40.0,13.329999999999927,133.33000000000175,0
53.33000000000175,13.329999999999927,133.33000000000175,0
53.33000000000175,13.329999999999927,133.33000000000175,0
66.66999999999825,13.329999999999927,133.33000000000175,0
66.66999999999825,13.329999999999927,133.33000000000175,0
53.33000000000175,13.329999999999927,133.33000000000175,0
53.33000000000175,13.329999999999927,133.33000000000175,0
53.33000000000175,20.0,133.33000000000175,0
66.66999999999825,13.329999999999927,133.33000000000175,0
53.33000000000175,20.0,133.33000000000175,0
53.33000000000175,13.329999999999927,133.33000000000175,0
53.33000000000175,20.0,133.33000000000175,0
66.66999999999825,20.0,133.33000000000175,0
53.33000000000175,20.0,133.33000000000175,0
53.33000000000175,13.329999999999927,133.33000000000175,0
53.33000000000175,13.329999999999927,133.33000000000175,0
66.66999999999825,13.329999999999927,133.33000000000175,0
53.33000000000175,13.329999999999927,133.33000000000175,0
60.0,13.329999999999927,133.33000000000175,0
53.33000000000175,13.329999999999927,133.33000000000175,0
53.33000000000175,13.329999999999927,133.33000000000175,0
53.33000000000175,13.329999999999927,133.33000000000175,0
53.33000000000175,13.329999999999927,133.33000000000175,0
53.33000000000175,13.329999999999927,133.33000000000175,0
53.33000000000175,13.329999999999927,133.33000000000175,0
53.33000000000175,13.329999999999927,133.33000000000175,0
53.33000000000175,13.329999999999927,133.33000000000175,0
53.33000000000175,26.670000000000076,133.33000000000175,0
66.66999999999825,20.0,133.33000000000175,0
53.33000000000175,13.329999999999927,133.33000000000175,0
66.66999999999825,20.0,133.33000000000175,0
53.33000000000175,13.329999999999927,133.33000000000175,0
53.33000000000175,20.0,133.33000000000175,0
53.33000000000175,20.0,133.33000000000175,0
53.33000000000175,20.0,133.33000000000175,0
53.33000000000175,13.329999999999927,133.33000000000175,0
60.0,13.329999999999927,133.33000000000175,0
53.33000000000175,20.0,133.33000000000175,0
53.33000000000175,20.0,133.33000000000175,0
53.33000000000175,13.329999999999927,133.33000000000175,0
60.0,6.670000000000073,133.33000000000175,0
53.33000000000175,13.329999999999927,133.33000000000175,0
53.33000000000175,20.0,133.33000000000175,0
53.33000000000175,13.329999999999927,133.33000000000175,0
53.33000000000175,20.0,133.33000000000175,0
53.33000000000175,13.329999999999927,133.33000000000175,0
53.33000000000175,20.0,133.33000000000175,0
53.33000000000175,20.0,133.33000000000175,0
53.33000000000175,13.329999999999927,133.33000000000175,0
60.0,20.0,133.33000000000175,0
53.33000000000175,20.0,133.33000000000175,0
53.33000000000175,20.0,133.33000000000175,0
60.0,20.0,133.33000000000175,0
53.33000000000175,13.329999999999927,133.33000000000175,0
53.33000000000175,6.670000000000073,133.33000000000175,0
53.33000000000175,20.0,133.33000000000175,0
60.0,20.0,133.33000000000175,0
53.33000000000175,20.0,133.33000000000175,0
53.33000000000175,20.0,133.33000000000175,0
53.33000000000175,6.670000000000073,133.33000000000175,0
53.33000000000175,6.670000000000073,133.33000000000175,0
60.0,20.0,133.33000000000175,0
60.0,0.0,133.33000000000175,0
53.33000000000175,20.0,133.33000000000175,0
53.33000000000175,20.0,133.33000000000175,0
53.33000000000175,20.0,133.33000000000175,0
53.33000000000175,20.0,133.33000000000175,0
53.33000000000175,20.0,133.33000000000175,0
53.33000000000175,6.670000000000073,133.33000000000175,0
53.33000000000175,13.329999999999927,133.33000000000175,0
60.0,13.329999999999927,133.33000000000175,0
53.33000000000175,20.0,133.33000000000175,0
53.33000000000175,6.670000000000073,133.33000000000175,0
53.33000000000175,20.0,133.33000000000175,0
53.33000000000175,20.0,133.33000000000175,0
53.33000000000175,6.670000000000073,133.33000000000175,0
53.33000000000175,0.0,133.33000000000175,0
53.33000000000175,20.0,133.33000000000175,0
53.33000000000175,6.670000000000073,133.33000000000175,0
53.33000000000175,20.0,133.33000000000175,0
53.33000000000175,20.0,133.33000000000175,0
53.33000000000175,20.0,133.33000000000175,0
60.0,13.329999999999927,133.33000000000175,0
60.0,6.670000000000073,133.33000000000175,0
53.33000000000175,20.0,133.33000000000175,0
53.33000000000175,20.0,133.33000000000175,0
60.0,6.670000000000073,133.33000000000175,0
53.33000000000175,20.0,133.33000000000175,0
53.33000000000175,0.0,133.33000000000175,0
60.0,0.0,133.33000000000175,0
60.0,6.670000000000073,133.33000000000175,0
60.0,20.0,133.33000000000175,0
53.33000000000175,20.0,133.33000000000175,0
53.33000000000175,20.0,133.33000000000175,0
53.33000000000175,6.670000000000073,133.33000000000175,0
53.33000000000175,6.670000000000073,133.33000000000175,0
53.33000000000175,6.670000000000073,133.33000000000175,0
60.0,20.0,133.33000000000175,0
66.66999999999825,20.0,133.33000000000175,0
53.33000000000175,6.670000000000073,133.33000000000175,0
53.33000000000175,20.0,133.33000000000175,0
60.0,20.0,133.33000000000175,0
60.0,6.670000000000073,133.33000000000175,0
53.33000000000175,20.0,133.33000000000175,0
53.33000000000175,20.0,133.33000000000175,0
53.33000000000175,6.670000000000073,133.33000000000175,0
53.33000000000175,6.670000000000073,133.33000000000175,0
60.0,20.0,133.33000000000175,0
60.0,13.329999999999927,133.33000000000175,0
60.0,6.670000000000073,133.33000000000175,0
60.0,20.0,133.33000000000175,0
60.0,13.329999999999927,133.33000000000175,0
60.0,13.329999999999927,133.33000000000175,0
53.33000000000175,20.0,133.33000000000175,0
53.33999999999651,13.329999999999927,133.33000000000175,0
60.0,13.329999999999927,133.33000000000175,0
46.669999999998254,20.0,133.33000000000175,0
60.0,20.0,133.33000000000175,0
53.33999999999651,20.0,133.33000000000175,0
53.33000000000175,20.0,133.33000000000175,0
53.33000000000175,0.0,133.33000000000175,0
53.33000000000175,20.0,133.33000000000175,0
60.0,20.0,133.33000000000175,0
53.33000000000175,6.670000000000073,133.33000000000175,0
60.0,13.329999999999927,133.33000000000175,0
53.33000000000175,13.329999999999927,133.33000000000175,0
53.33000000000175,20.0,133.33000000000175,0
46.669999999998254,26.670000000000076,133.33000000000175,0
53.33000000000175,20.0,133.33000000000175,0
53.33000000000175,20.0,133.33000000000175,0
53.33000000000175,26.670000000000076,133.33000000000175,0
53.33000000000175,20.0,133.33000000000175,0
53.33000000000175,13.329999999999927,133.33000000000175,0
53.33000000000175,20.0,133.33000000000175,0
53.33000000000175,20.0,133.33000000000175,0
60.0,20.0,133.33000000000175,0
53.33000000000175,20.0,133.33000000000175,0
53.33000000000175,26.670000000000076,133.33000000000175,0
60.0,20.0,133.33000000000175,0
53.33000000000175,26.670000000000076,133.33000000000175,0
53.33000000000175,26.670000000000076,133.33000000000175,0
53.33000000000175,20.0,133.33000000000175,0
60.0,26.670000000000076,133.33000000000175,0
60.0,20.0,133.33000000000175,0
53.33000000000175,20.0,133.33000000000175,0
53.33000000000175,20.0,133.33000000000175,0
60.0,20.0,133.33000000000175,0
60.0,26.670000000000076,133.33000000000175,0
53.33000000000175,20.0,133.33000000000175,0
53.33000000000175,20.0,133.33000000000175,0
60.0,20.0,133.33000000000175,0
60.0,26.670000000000076,133.33000000000175,0
60.0,26.670000000000076,133.33000000000175,0
53.33000000000175,20.0,133.33000000000175,0
53.33000000000175,26.670000000000076,133.33000000000175,0
53.33000000000175,20.0,133.33000000000175,0
53.33000000000175,26.670000000000076,133.33000000000175,0
53.33000000000175,26.670000000000076,133.33000000000175,0
53.33000000000175,20.0,133.33000000000175,0
60.0,26.670000000000076,133.33000000000175,0
53.33000000000175,20.0,133.33000000000175,0
53.33000000000175,20.0,133.33000000000175,0
53.33000000000175,13.329999999999927,133.33000000000175,0
53.33000000000175,13.329999999999927,133.33000000000175,0
53.33000000000175,20.0,133.33000000000175,0
53.33000000000175,20.0,133.33000000000175,0
53.33000000000175,26.670000000000076,133.33000000000175,0
60.0,13.329999999999927,133.33000000000175,0
53.33000000000175,20.0,133.33000000000175,0
60.0,20.0,133.33000000000175,0
53.33000000000175,20.0,133.33000000000175,0
60.0,26.670000000000076,133.33000000000175,0
53.33000000000175,26.670000000000076,133.33000000000175,0
53.33000000000175,20.0,133.33000000000175,0
53.33000000000175,20.0,133.33000000000175,0
53.33000000000175,26.670000000000076,133.33000000000175,0
53.33000000000175,26.670000000000076,133.33000000000175,0
66.66999999999825,20.0,133.33000000000175,0
60.0,20.0,133.33000000000175,0
53.33000000000175,20.0,133.33000000000175,0
53.33000000000175,13.329999999999927,133.33000000000175,0
53.33000000000175,26.670000000000076,133.33000000000175,0
53.33000000000175,20.0,133.33000000000175,0
66.66999999999825,26.670000000000076,133.33000000000175,0
53.33000000000175,20.0,133.33000000000175,0
66.66999999999825,20.0,133.33000000000175,0
53.33000000000175,26.670000000000076,133.33000000000175,0
66.66999999999825,20.0,133.33000000000175,0
53.33000000000175,20.0,133.33000000000175,0
53.33000000000175,20.0,133.33000000000175,0
53.33000000000175,26.670000000000076,133.33000000000175,0
66.66999999999825,26.670000000000076,133.33000000000175,0
53.33000000000175,20.0,133.33000000000175,0
53.33000000000175,20.0,133.33000000000175,0
66.66999999999825,20.0,133.33000000000175,0
66.66999999999825,26.670000000000076,133.33000000000175,0
53.33000000000175,20.0,133.33000000000175,0
53.33000000000175,20.0,133.33000000000175,0
53.33000000000175,20.0,133.33000000000175,0
66.66999999999825,20.0,133.33000000000175,0
66.66999999999825,20.0,133.33000000000175,0
53.33000000000175,26.670000000000076,133.33000000000175,0
53.33000000000175,20.0,133.33000000000175,0
53.33000000000175,26.670000000000076,133.33000000000175,0
53.33000000000175,26.670000000000076,133.33000000000175,0
66.66999999999825,20.0,133.33000000000175,0
53.33000000000175,20.0,133.33000000000175,0
66.66999999999825,20.0,133.33000000000175,0
66.66999999999825,26.670000000000076,133.33000000000175,0
53.33000000000175,20.0,133.33000000000175,0
53.33000000000175,20.0,133.33000000000175,0
53.33000000000175,20.0,133.33000000000175,0
66.66999999999825,20.0,133.33000000000175,0
53.33000000000175,26.670000000000076,133.33000000000175,0
66.66999999999825,20.0,133.33000000000175,0
66.66999999999825,13.329999999999927,133.33000000000175,0
46.669999999998254,20.0,133.33000000000175,0
40.0,26.670000000000076,133.33000000000175,0
60.0,26.670000000000076,133.33000000000175,0
40.0,13.329999999999927,133.33000000000175,0
40.0,26.670000000000076,133.33000000000175,0
46.669999999998254,26.670000000000076,133.33000000000175,0
53.33000000000175,26.670000000000076,133.33000000000175,0
53.33000000000175,26.670000000000076,133.33000000000175,0
53.33000000000175,26.670000000000076,133.33000000000175,0
53.33000000000175,26.670000000000076,133.33000000000175,0
53.33000000000175,26.670000000000076,133.33000000000175,0
53.33000000000175,6.659999999999855,133.33000000000175,0
53.33000000000175,20.0,133.33000000000175,0
53.33000000000175,6.659999999999855,133.33000000000175,0
46.669999999998254,20.0,133.33000000000175,0
53.33000000000175,6.659999999999855,133.33000000000175,0
53.33000000000175,6.659999999999855,133.33000000000175,0
53.33000000000175,6.659999999999855,133.33000000000175,0
40.0,20.0,133.33000000000175,0
53.33000000000175,6.659999999999855,133.33000000000175,0
53.33000000000175,6.659999999999855,133.33000000000175,0
53.33000000000175,6.659999999999855,133.33000000000175,0
40.0,13.329999999999927,133.33000000000175,0
46.669999999998254,6.659999999999855,133.33000000000175,0
40.0,6.659999999999855,133.33000000000175,0
40.0,6.659999999999855,133.33000000000175,0
53.33000000000175,20.0,133.33000000000175,0
60.0,20.0,133.33000000000175,0
60.0,20.0,133.33000000000175,0
53.33999999999651,26.670000000000076,133.33000000000175,0
53.33000000000175,20.0,133.33000000000175,0
53.33000000000175,0.0,133.33000000000175,0
46.66000000000349,13.329999999999927,146.6600000000035,0
46.669999999998254,20.0,133.3399999999965,1
46.669999999998254,13.329999999999927,133.3399999999965,1
60.0,20.0,133.3399999999965,1
113.33000000000176,13.329999999999927,80.0,1
126.66000000000348,0.0,346.66999999999825,1
53.33000000000175,20.0,140.0,0
60.0,20.0,140.0,0
53.33000000000175,20.0,133.33000000000175,1
53.33000000000175,13.329999999999927,133.33000000000175,1
60.0,6.670000000000073,133.33000000000175,1
53.33000000000175,13.329999999999927,133.33000000000175,1
53.33999999999651,0.0,180.0,1
46.669999999998254,13.329999999999927,180.0,1
53.33999999999651,13.329999999999927,180.0,1
53.33999999999651,13.329999999999927,180.0,1
53.33999999999651,13.329999999999927,180.0,1
53.33999999999651,13.329999999999927,180.0,1
86.66999999999825,20.0,146.66999999999825,1
86.66999999999825,20.0,146.66999999999825,1
86.66999999999825,20.0,146.66999999999825,1
86.66999999999825,20.0,146.66999999999825,1
80.0,20.0,146.66999999999825,1
60.0,20.0,146.66999999999825,1
60.0,20.0,146.66999999999825,1
66.66999999999825,20.0,146.66999999999825,1
66.66999999999825,26.670000000000076,146.66999999999825,1
66.66999999999825,20.0,146.66999999999825,1
66.66999999999825,26.670000000000076,146.66999999999825,1
66.66999999999825,26.670000000000076,146.66999999999825,1
66.66999999999825,20.0,146.66999999999825,1
60.0,20.0,146.66999999999825,1
66.66999999999825,20.0,146.66999999999825,1
66.66999999999825,20.0,146.66999999999825,1
66.66999999999825,26.670000000000076,146.66999999999825,1
66.66999999999825,26.670000000000076,146.66999999999825,1
60.0,20.0,146.66999999999825,1
66.66999999999825,26.670000000000076,146.66999999999825,1
66.66999999999825,20.0,146.66999999999825,1
66.66999999999825,20.0,146.66999999999825,1
66.66999999999825,20.0,146.66999999999825,1
60.0,26.670000000000076,146.66999999999825,1
60.0,26.670000000000076,146.66999999999825,1
66.66999999999825,20.0,146.66999999999825,1
66.66999999999825,13.329999999999927,146.66999999999825,1
66.66999999999825,26.670000000000076,146.66999999999825,1
66.66999999999825,20.0,146.66999999999825,1
66.66999999999825,20.0,146.66999999999825,1
66.66999999999825,26.670000000000076,146.66999999999825,1
66.66999999999825,26.670000000000076,146.66999999999825,1
66.66999999999825,26.670000000000076,146.66999999999825,1
66.66999999999825,26.670000000000076,146.66999999999825,1
60.0,26.670000000000076,146.66999999999825,1
60.0,26.670000000000076,146.66999999999825,1
60.0,20.0,146.66999999999825,1
66.66999999999825,20.0,146.66999999999825,1
60.0,20.0,146.66999999999825,1
60.0,20.0,146.66999999999825,1
66.66999999999825,20.0,146.66999999999825,1
60.0,13.329999999999927,146.66999999999825,1
60.0,26.670000000000076,146.66999999999825,1
66.66999999999825,26.670000000000076,146.66999999999825,1
60.0,20.0,146.66999999999825,1
60.0,20.0,146.66999999999825,1
60.0,13.329999999999927,146.66999999999825,1
60.0,20.0,146.66999999999825,1
60.0,20.0,146.66999999999825,1
66.66999999999825,26.670000000000076,146.66999999999825,1
66.66999999999825,20.0,146.66999999999825,1
60.0,26.670000000000076,146.66999999999825,1
60.0,20.0,146.66999999999825,1
60.0,26.670000000000076,146.66999999999825,1
53.33000000000175,20.0,146.66999999999825,1
53.33000000000175,20.0,146.66999999999825,1
66.66999999999825,26.670000000000076,146.66999999999825,1
60.0,20.0,146.66999999999825,1
66.66999999999825,26.670000000000076,146.66999999999825,1
60.0,20.0,146.66999999999825,1
66.66999999999825,20.0,146.66999999999825,1
66.66999999999825,26.670000000000076,146.66999999999825,1
66.66999999999825,26.670000000000076,146.66999999999825,1
60.0,20.0,146.66999999999825,1
66.66999999999825,20.0,146.66999999999825,1
66.66999999999825,20.0,146.66999999999825,1
66.66999999999825,20.0,146.66999999999825,1
66.66999999999825,26.670000000000076,146.66999999999825,1
60.0,26.670000000000076,146.66999999999825,1
66.66999999999825,26.670000000000076,146.66999999999825,1
60.0,26.670000000000076,146.66999999999825,1
60.0,26.670000000000076,146.66999999999825,1
66.66999999999825,20.0,146.66999999999825,1
60.0,20.0,146.66999999999825,1
60.0,20.0,146.66999999999825,1
60.0,20.0,146.66999999999825,1
60.0,20.0,146.66999999999825,1
66.66999999999825,26.670000000000076,146.66999999999825,1
53.33000000000175,26.670000000000076,146.66999999999825,1
66.66999999999825,26.670000000000076,146.66999999999825,1
66.66999999999825,26.670000000000076,146.66999999999825,1
66.66999999999825,20.0,146.66999999999825,1
53.33000000000175,20.0,146.66999999999825,1
66.66999999999825,26.670000000000076,146.66999999999825,1
60.0,26.670000000000076,146.66999999999825,1
60.0,26.670000000000076,146.66999999999825,1
53.33000000000175,26.670000000000076,146.66999999999825,1
60.0,26.670000000000076,146.66999999999825,1
60.0,20.0,146.66999999999825,1
60.0,20.0,146.66999999999825,1
66.66999999999825,26.670000000000076,146.66999999999825,1
60.0,26.670000000000076,146.66999999999825,1
53.33000000000175,20.0,146.66999999999825,1
60.0,20.0,146.66999999999825,1
60.0,20.0,146.66999999999825,1
66.66999999999825,20.0,146.66999999999825,1
66.66999999999825,20.0,146.66999999999825,1
46.66000000000349,20.0,113.33999999999652,1
46.66000000000349,0.0,113.33999999999652,1
46.66000000000349,6.670000000000073,113.33999999999652,1
46.66000000000349,13.329999999999927,113.33999999999652,1
53.33000000000175,20.0,113.33999999999652,1
46.66000000000349,6.670000000000073,113.33999999999652,1
46.66000000000349,13.329999999999927,113.33999999999652,1
60.0,13.329999999999927,113.33999999999652,1
53.33000000000175,13.329999999999927,113.33999999999652,1
53.33000000000175,13.329999999999927,113.33999999999652,1
46.66000000000349,20.0,113.33999999999652,1
53.33000000000175,20.0,113.33999999999652,1
46.66000000000349,20.0,113.33999999999652,1
53.33000000000175,20.0,113.33999999999652,1
53.33000000000175,13.329999999999927,113.33999999999652,1
53.33000000000175,13.329999999999927,113.33999999999652,1
53.33000000000175,13.329999999999927,113.33999999999652,1
46.66000000000349,13.329999999999927,113.33999999999652,1
53.33000000000175,13.329999999999927,113.33999999999652,1
46.66000000000349,0.0,113.33999999999652,1
53.33000000000175,13.329999999999927,113.33999999999652,1
46.66000000000349,13.329999999999927,113.33999999999652,1
53.33000000000175,13.329999999999927,113.33999999999652,1
53.33000000000175,20.0,113.33999999999652,1
53.33000000000175,20.0,113.33999999999652,1
53.33000000000175,13.329999999999927,113.33999999999652,1
53.33000000000175,13.329999999999927,113.33999999999652,1
53.33000000000175,13.329999999999927,113.33999999999652,1
46.66000000000349,13.329999999999927,113.33999999999652,1
46.66000000000349,13.329999999999927,113.33999999999652,1
46.66000000000349,20.0,113.33999999999652,1
46.66000000000349,13.329999999999927,113.33999999999652,1
46.66000000000349,13.329999999999927,113.33999999999652,1
46.66000000000349,20.0,113.33999999999652,1
53.33000000000175,13.329999999999927,113.33999999999652,1
46.66000000000349,13.329999999999927,113.33999999999652,1
60.0,13.329999999999927,113.33999999999652,1
53.33000000000175,13.329999999999927,113.33999999999652,1
53.33000000000175,13.329999999999927,113.33999999999652,1
46.66000000000349,13.329999999999927,113.33999999999652,1
46.66000000000349,13.329999999999927,113.33999999999652,1
53.33000000000175,13.329999999999927,113.33999999999652,1
53.33000000000175,20.0,113.33999999999652,1
53.33000000000175,13.329999999999927,113.33999999999652,1
53.33000000000175,13.329999999999927,113.33999999999652,1
53.33000000000175,13.329999999999927,113.33999999999652,1
53.33000000000175,13.329999999999927,113.33999999999652,1
53.33000000000175,20.0,113.33999999999652,1
53.33000000000175,13.329999999999927,113.33999999999652,1
53.33000000000175,13.329999999999927,113.33999999999652,1
46.66000000000349,13.329999999999927,113.33999999999652,1
46.66000000000349,13.329999999999927,113.33999999999652,1
53.33000000000175,13.329999999999927,113.33999999999652,1
53.33000000000175,13.329999999999927,113.33999999999652,1
53.33000000000175,20.0,113.33999999999652,1
53.33000000000175,20.0,113.33999999999652,1
60.0,20.0,113.33999999999652,1
53.33000000000175,20.0,113.33999999999652,1
46.66000000000349,20.0,113.33999999999652,1
53.33000000000175,13.329999999999927,113.33999999999652,1
46.66000000000349,13.329999999999927,113.33999999999652,1
53.33000000000175,20.0,113.33999999999652,1
53.33000000000175,20.0,113.33999999999652,1
53.33000000000175,13.329999999999927,113.33999999999652,1
53.33000000000175,13.329999999999927,113.33999999999652,1
46.66000000000349,6.670000000000073,113.33999999999652,1
46.66000000000349,13.329999999999927,113.33999999999652,1
53.33000000000175,13.329999999999927,113.33999999999652,1
46.66000000000349,13.329999999999927,113.33999999999652,1
46.66000000000349,0.0,113.33999999999652,1
53.33000000000175,6.670000000000073,113.33999999999652,1
46.66000000000349,6.670000000000073,113.33999999999652,1
33.330000000001746,6.670000000000073,113.33999999999652,1
40.0,26.670000000000076,113.33999999999652,1
53.33000000000175,6.670000000000073,113.33999999999652,1
46.66000000000349,13.329999999999927,113.33999999999652,1
53.33000000000175,13.329999999999927,113.33999999999652,1
46.66000000000349,20.0,113.33999999999652,1
100.0,6.670000000000073,193.3399999999965,1
53.33999999999651,6.670000000000073,120.0,1
46.669999999998254,6.670000000000073,120.0,1
53.33000000000175,13.329999999999927,113.33999999999652,0
53.33000000000175,13.329999999999927,113.33999999999652,0
40.0,13.329999999999927,113.33999999999652,0
40.0,13.329999999999927,113.33999999999652,0
40.0,13.329999999999927,113.33999999999652,0
53.33000000000175,13.329999999999927,113.33999999999652,0
53.33000000000175,13.329999999999927,113.33999999999652,0
66.66999999999825,13.329999999999927,113.33999999999652,0
53.33000000000175,13.329999999999927,113.33999999999652,0
53.33000000000175,13.329999999999927,113.33999999999652,0
40.0,13.329999999999927,113.33999999999652,0
53.33999999999651,13.329999999999927,113.33999999999652,0
53.33000000000175,13.329999999999927,113.33999999999652,0
53.33000000000175,13.329999999999927,113.33999999999652,0
53.33000000000175,13.329999999999927,113.33999999999652,0
53.33000000000175,13.329999999999927,113.33999999999652,0
53.33000000000175,13.329999999999927,113.33999999999652,0
53.33000000000175,13.329999999999927,113.33999999999652,0
53.33000000000175,13.329999999999927,113.33999999999652,0
66.66999999999825,13.329999999999927,113.33999999999652,0
53.33000000000175,20.0,113.33999999999652,0
53.33000000000175,13.329999999999927,113.33999999999652,0
53.33000000000175,13.329999999999927,113.33999999999652,0
53.33000000000175,6.670000000000073,113.33999999999652,0
53.33000000000175,13.329999999999927,113.33999999999652,0
40.0,13.329999999999927,113.33999999999652,0
53.33000000000175,13.329999999999927,113.33999999999652,0
40.0,13.329999999999927,113.33999999999652,0
40.0,13.329999999999927,113.33999999999652,0
53.33000000000175,13.329999999999927,113.33999999999652,0
53.33000000000175,13.329999999999927,113.33999999999652,0
40.0,13.329999999999927,113.33999999999652,0
53.33000000000175,13.329999999999927,113.33999999999652,0
53.33000000000175,13.329999999999927,113.33999999999652,0
53.33000000000175,13.329999999999927,113.33999999999652,0
66.66999999999825,13.329999999999927,113.33999999999652,0
53.33000000000175,13.329999999999927,113.33999999999652,0
53.33000000000175,13.329999999999927,113.33999999999652,0
53.33000000000175,13.329999999999927,113.33999999999652,0
53.33000000000175,13.329999999999927,113.33999999999652,0
53.33000000000175,13.329999999999927,113.33999999999652,0
53.33000000000175,13.329999999999927,113.33999999999652,0
53.33999999999651,20.0,113.33999999999652,0
53.33000000000175,20.0,113.33999999999652,0
53.33000000000175,13.329999999999927,113.33999999999652,0
40.0,20.0,113.33999999999652,0
53.33000000000175,13.329999999999927,113.33999999999652,0
53.33000000000175,13.329999999999927,113.33999999999652,0
53.33000000000175,13.329999999999927,113.33999999999652,0
53.33000000000175,20.0,113.33999999999652,0
53.33000000000175,13.329999999999927,113.33999999999652,0
53.33000000000175,20.0,113.33999999999652,0
53.33000000000175,13.329999999999927,113.33999999999652,0
53.33000000000175,13.329999999999927,113.33999999999652,0
53.33000000000175,13.329999999999927,113.33999999999652,0
40.0,13.329999999999927,113.33999999999652,0
40.0,13.329999999999927,113.33999999999652,0
53.33000000000175,13.329999999999927,113.33999999999652,0
53.33000000000175,13.329999999999927,113.33999999999652,0
40.0,20.0,113.33999999999652,0
53.33000000000175,13.329999999999927,113.33999999999652,0
53.33000000000175,13.329999999999927,113.33999999999652,0
53.33000000000175,13.329999999999927,113.33999999999652,0
53.33000000000175,13.329999999999927,113.33999999999652,0
40.0,13.329999999999927,113.33999999999652,0
53.33999999999651,20.0,113.33999999999652,0
53.33000000000175,13.329999999999927,113.33999999999652,0
40.0,13.329999999999927,113.33999999999652,0
40.0,13.329999999999927,113.33999999999652,0
53.33000000000175,13.329999999999927,113.33999999999652,0
53.33000000000175,13.329999999999927,113.33999999999652,0
53.33000000000175,13.329999999999927,113.33999999999652,0
53.33000000000175,20.0,113.33999999999652,0
53.33000000000175,20.0,113.33999999999652,0
53.33000000000175,13.329999999999927,113.33999999999652,0
40.0,13.329999999999927,113.33999999999652,0
53.33000000000175,13.329999999999927,113.33999999999652,0
66.66999999999825,13.329999999999927,113.33999999999652,0
53.33000000000175,13.329999999999927,113.33999999999652,0
40.0,20.0,113.33999999999652,0
66.66999999999825,13.329999999999927,113.33999999999652,0
40.0,13.329999999999927,113.33999999999652,0
53.33999999999651,13.329999999999927,113.33999999999652,0
66.66999999999825,13.329999999999927,113.33999999999652,0
53.33000000000175,13.329999999999927,113.33999999999652,0
53.33000000000175,13.329999999999927,113.33999999999652,0
40.0,13.329999999999927,113.33999999999652,0
53.33000000000175,13.329999999999927,113.33999999999652,0
53.33000000000175,13.329999999999927,113.33999999999652,0
53.33000000000175,13.329999999999927,113.33999999999652,0
53.33000000000175,13.329999999999927,113.33999999999652,0
40.0,13.329999999999927,113.33999999999652,0
53.33000000000175,6.659999999999855,113.33999999999652,0
53.33000000000175,13.329999999999927,113.33999999999652,0
40.0,13.329999999999927,113.33999999999652,0
53.33000000000175,6.659999999999855,113.33999999999652,0
40.0,6.659999999999855,113.33999999999652,0
53.33000000000175,6.659999999999855,113.33999999999652,0
40.0,13.340000000000146,113.33999999999652,1
46.669999999998254,6.670000000000073,113.33999999999652,1
46.669999999998254,6.670000000000073,113.33999999999652,1
46.669999999998254,6.670000000000073,113.33999999999652,1
53.33999999999651,6.670000000000073,113.33999999999652,1
46.669999999998254,6.670000000000073,113.33999999999652,1
53.33999999999651,6.670000000000073,113.33999999999652,1
46.669999999998254,6.670000000000073,113.33999999999652,1
53.33999999999651,6.670000000000073,113.33999999999652,1
53.33999999999651,20.0,113.33999999999652,1
46.669999999998254,13.340000000000146,113.33999999999652,1
60.0,6.670000000000073,113.33999999999652,1
53.33999999999651,6.670000000000073,113.33999999999652,1
53.33999999999651,6.670000000000073,113.33999999999652,1
53.33999999999651,6.670000000000073,113.33999999999652,1
53.33999999999651,6.670000000000073,113.33999999999652,1
53.33999999999651,6.670000000000073,113.33999999999652,1
53.33999999999651,6.670000000000073,113.33999999999652,1
53.33999999999651,6.670000000000073,113.33999999999652,1
53.33999999999651,6.670000000000073,113.33999999999652,1
46.669999999998254,6.670000000000073,113.33999999999652,1
53.33999999999651,6.670000000000073,113.33999999999652,1
53.33999999999651,6.670000000000073,113.33999999999652,1
53.33999999999651,6.670000000000073,113.33999999999652,1
53.33999999999651,6.670000000000073,113.33999999999652,1
53.33999999999651,6.670000000000073,113.33999999999652,1
53.33000000000175,6.670000000000073,113.33999999999652,1
53.33999999999651,6.670000000000073,113.33999999999652,1
46.669999999998254,6.670000000000073,113.33999999999652,1
53.33999999999651,6.670000000000073,113.33999999999652,1
53.33999999999651,6.670000000000073,113.33999999999652,1
53.33999999999651,6.670000000000073,113.33999999999652,1
53.33999999999651,6.670000000000073,113.33999999999652,1
53.33999999999651,6.670000000000073,113.33999999999652,1
53.33999999999651,6.670000000000073,113.33999999999652,1
53.33999999999651,20.0,113.33999999999652,1
46.669999999998254,6.670000000000073,113.33999999999652,1
53.33999999999651,6.670000000000073,113.33999999999652,1
53.33999999999651,6.670000000000073,113.33999999999652,1
53.33999999999651,6.670000000000073,113.33999999999652,1
60.0,6.670000000000073,113.33999999999652,1
46.669999999998254,6.670000000000073,113.33999999999652,1
53.33999999999651,6.670000000000073,113.33999999999652,1
53.33999999999651,6.670000000000073,113.33999999999652,1
60.0,6.670000000000073,113.33999999999652,1
53.33999999999651,6.670000000000073,113.33999999999652,1
60.0,6.670000000000073,113.33999999999652,1
46.669999999998254,13.340000000000146,113.33999999999652,1
53.33000000000175,6.670000000000073,113.33999999999652,1
46.669999999998254,6.670000000000073,113.33999999999652,1
53.33000000000175,6.670000000000073,113.33999999999652,1
46.669999999998254,0.0,113.33999999999652,1
40.0,6.670000000000073,113.33000000000176,1
46.669999999998254,6.670000000000073,113.33000000000176,1
33.330000000001746,20.0,613.3399999999965,1
220.0,353.34000000000015,73.33999999999651,1
66.66000000000349,13.340000000000146,140.0,0
86.66999999999825,20.0,173.33000000000175,0
73.33999999999651,13.329999999999927,133.3399999999965,1
46.669999999998254,6.659999999999855,113.33999999999652,1
46.669999999998254,6.659999999999855,113.33999999999652,1
40.0,6.659999999999855,106.66999999999824,1
40.0,6.659999999999855,106.66999999999824,1
46.669999999998254,13.340000000000146,106.66999999999824,1
140.0,100.0,86.66999999999825,1
20.0,26.670000000000076,233.3399999999965,1
